original_name,refactored_name,type,full_name,namespace,package,toolkit
(unnamed enum at E:\code\occtSrc\Install\inc\AIS_NavigationMode.hxx:25:1),,Enum,(unnamed enum at E:\code\occtSrc\Install\inc\AIS_NavigationMode.hxx:25:1),,(unnamed enum at E:\code\occtSrc\Install\inc\AIS,Unknown
(unnamed enum at E:\code\occtSrc\Install\inc\AIS_RotationMode.hxx:27:1),,Enum,(unnamed enum at E:\code\occtSrc\Install\inc\AIS_RotationMode.hxx:27:1),,(unnamed enum at E:\code\occtSrc\Install\inc\AIS,Unknown
(unnamed enum at E:\code\occtSrc\Install\inc\AdvApp2Var_SysBase.hxx:95:3),,Enum,(unnamed enum at E:\code\occtSrc\Install\inc\AdvApp2Var_SysBase.hxx:95:3),,(unnamed enum at E:\code\occtSrc\Install\inc\AdvApp2Var,Unknown
(unnamed enum at E:\code\occtSrc\Install\inc\Aspect_VKey.hxx:189:1),,Enum,(unnamed enum at E:\code\occtSrc\Install\inc\Aspect_VKey.hxx:189:1),,(unnamed enum at E:\code\occtSrc\Install\inc\Aspect,Unknown
(unnamed enum at E:\code\occtSrc\Install\inc\Aspect_VKeyFlags.hxx:21:1),,Enum,(unnamed enum at E:\code\occtSrc\Install\inc\Aspect_VKeyFlags.hxx:21:1),,(unnamed enum at E:\code\occtSrc\Install\inc\Aspect,Unknown
(unnamed enum at E:\code\occtSrc\Install\inc\Aspect_VKeyFlags.hxx:39:1),,Enum,(unnamed enum at E:\code\occtSrc\Install\inc\Aspect_VKeyFlags.hxx:39:1),,(unnamed enum at E:\code\occtSrc\Install\inc\Aspect,Unknown
(unnamed enum at E:\code\occtSrc\Install\inc\Aspect_XRGenericAction.hxx:40:1),,Enum,(unnamed enum at E:\code\occtSrc\Install\inc\Aspect_XRGenericAction.hxx:40:1),,(unnamed enum at E:\code\occtSrc\Install\inc\Aspect,Unknown
(unnamed enum at E:\code\occtSrc\Install\inc\Aspect_XRTrackedDeviceRole.hxx:26:1),,Enum,(unnamed enum at E:\code\occtSrc\Install\inc\Aspect_XRTrackedDeviceRole.hxx:26:1),,(unnamed enum at E:\code\occtSrc\Install\inc\Aspect,Unknown
(unnamed enum at E:\code\occtSrc\Install\inc\BRepFill_AdvancedEvolved.hxx:105:3),,Enum,(unnamed enum at E:\code\occtSrc\Install\inc\BRepFill_AdvancedEvolved.hxx:105:3),,(unnamed enum at E:\code\occtSrc\Install\inc\BRepFill,Unknown
(unnamed enum at E:\code\occtSrc\Install\inc\BRepFill_AdvancedEvolved.hxx:105:3),,Enum,(unnamed enum at E:\code\occtSrc\Install\inc\BRepFill_AdvancedEvolved.hxx:105:3),,(unnamed enum at E:\code\occtSrc\Install\inc\BRepFill,Unknown
(unnamed enum at E:\code\occtSrc\Install\inc\BVH_Constants.hxx:17:1),,Enum,(unnamed enum at E:\code\occtSrc\Install\inc\BVH_Constants.hxx:17:1),,(unnamed enum at E:\code\occtSrc\Install\inc\BVH,Unknown
(unnamed enum at E:\code\occtSrc\Install\inc\BinMXCAFDoc_VisMaterialDriver.hxx:36:3),,Enum,(unnamed enum at E:\code\occtSrc\Install\inc\BinMXCAFDoc_VisMaterialDriver.hxx:36:3),,(unnamed enum at E:\code\occtSrc\Install\inc\BinMXCAFDoc,Unknown
(unnamed enum at E:\code\occtSrc\Install\inc\BinTools_FormatVersion.hxx:33:1),,Enum,(unnamed enum at E:\code\occtSrc\Install\inc\BinTools_FormatVersion.hxx:33:1),,(unnamed enum at E:\code\occtSrc\Install\inc\BinTools,Unknown
(unnamed enum at E:\code\occtSrc\Install\inc\Font_FontAspect.hxx:35:1),,Enum,(unnamed enum at E:\code\occtSrc\Install\inc\Font_FontAspect.hxx:35:1),,(unnamed enum at E:\code\occtSrc\Install\inc\Font,Unknown
(unnamed enum at E:\code\occtSrc\Install\inc\Font_UnicodeSubset.hxx:26:1),,Enum,(unnamed enum at E:\code\occtSrc\Install\inc\Font_UnicodeSubset.hxx:26:1),,(unnamed enum at E:\code\occtSrc\Install\inc\Font,Unknown
(unnamed enum at E:\code\occtSrc\Install\inc\Graphic3d_ArrayFlags.hxx:21:1),,Enum,(unnamed enum at E:\code\occtSrc\Install\inc\Graphic3d_ArrayFlags.hxx:21:1),,(unnamed enum at E:\code\occtSrc\Install\inc\Graphic3d,Unknown
(unnamed enum at E:\code\occtSrc\Install\inc\Graphic3d_Camera.hxx:772:3),,Enum,(unnamed enum at E:\code\occtSrc\Install\inc\Graphic3d_Camera.hxx:772:3),,(unnamed enum at E:\code\occtSrc\Install\inc\Graphic3d,Unknown
(unnamed enum at E:\code\occtSrc\Install\inc\Graphic3d_CullingTool.hxx:279:3),,Enum,(unnamed enum at E:\code\occtSrc\Install\inc\Graphic3d_CullingTool.hxx:279:3),,(unnamed enum at E:\code\occtSrc\Install\inc\Graphic3d,Unknown
(unnamed enum at E:\code\occtSrc\Install\inc\Graphic3d_DisplayPriority.hxx:38:1),,Enum,(unnamed enum at E:\code\occtSrc\Install\inc\Graphic3d_DisplayPriority.hxx:38:1),,(unnamed enum at E:\code\occtSrc\Install\inc\Graphic3d,Unknown
(unnamed enum at E:\code\occtSrc\Install\inc\Graphic3d_FrameStatsCounter.hxx:64:1),,Enum,(unnamed enum at E:\code\occtSrc\Install\inc\Graphic3d_FrameStatsCounter.hxx:64:1),,(unnamed enum at E:\code\occtSrc\Install\inc\Graphic3d,Unknown
(unnamed enum at E:\code\occtSrc\Install\inc\Graphic3d_FrameStatsTimer.hxx:27:1),,Enum,(unnamed enum at E:\code\occtSrc\Install\inc\Graphic3d_FrameStatsTimer.hxx:27:1),,(unnamed enum at E:\code\occtSrc\Install\inc\Graphic3d,Unknown
(unnamed enum at E:\code\occtSrc\Install\inc\Graphic3d_ShaderManager.hxx:43:1),,Enum,(unnamed enum at E:\code\occtSrc\Install\inc\Graphic3d_ShaderManager.hxx:43:1),,(unnamed enum at E:\code\occtSrc\Install\inc\Graphic3d,Unknown
(unnamed enum at E:\code\occtSrc\Install\inc\Graphic3d_StereoMode.hxx:33:1),,Enum,(unnamed enum at E:\code\occtSrc\Install\inc\Graphic3d_StereoMode.hxx:33:1),,(unnamed enum at E:\code\occtSrc\Install\inc\Graphic3d,Unknown
(unnamed enum at E:\code\occtSrc\Install\inc\Graphic3d_TextureUnit.hxx:101:1),,Enum,(unnamed enum at E:\code\occtSrc\Install\inc\Graphic3d_TextureUnit.hxx:101:1),,(unnamed enum at E:\code\occtSrc\Install\inc\Graphic3d,Unknown
(unnamed enum at E:\code\occtSrc\Install\inc\Graphic3d_TypeOfBackground.hxx:29:1),,Enum,(unnamed enum at E:\code\occtSrc\Install\inc\Graphic3d_TypeOfBackground.hxx:29:1),,(unnamed enum at E:\code\occtSrc\Install\inc\Graphic3d,Unknown
(unnamed enum at E:\code\occtSrc\Install\inc\Graphic3d_TypeOfLightSource.hxx:40:1),,Enum,(unnamed enum at E:\code\occtSrc\Install\inc\Graphic3d_TypeOfLightSource.hxx:40:1),,(unnamed enum at E:\code\occtSrc\Install\inc\Graphic3d,Unknown
(unnamed enum at E:\code\occtSrc\Install\inc\Graphic3d_TypeOfReflection.hxx:29:1),,Enum,(unnamed enum at E:\code\occtSrc\Install\inc\Graphic3d_TypeOfReflection.hxx:29:1),,(unnamed enum at E:\code\occtSrc\Install\inc\Graphic3d,Unknown
(unnamed enum at E:\code\occtSrc\Install\inc\Graphic3d_TypeOfShadingModel.hxx:70:1),,Enum,(unnamed enum at E:\code\occtSrc\Install\inc\Graphic3d_TypeOfShadingModel.hxx:70:1),,(unnamed enum at E:\code\occtSrc\Install\inc\Graphic3d,Unknown
(unnamed enum at E:\code\occtSrc\Install\inc\Graphic3d_ZLayerId.hxx:26:1),,Enum,(unnamed enum at E:\code\occtSrc\Install\inc\Graphic3d_ZLayerId.hxx:26:1),,(unnamed enum at E:\code\occtSrc\Install\inc\Graphic3d,Unknown
(unnamed enum at E:\code\occtSrc\Install\inc\Image_CompressedFormat.hxx:30:1),,Enum,(unnamed enum at E:\code\occtSrc\Install\inc\Image_CompressedFormat.hxx:30:1),,(unnamed enum at E:\code\occtSrc\Install\inc\Image,Unknown
(unnamed enum at E:\code\occtSrc\Install\inc\Image_Format.hxx:43:1),,Enum,(unnamed enum at E:\code\occtSrc\Install\inc\Image_Format.hxx:43:1),,(unnamed enum at E:\code\occtSrc\Install\inc\Image,Unknown
(unnamed enum at E:\code\occtSrc\Install\inc\MeshVS_BuilderPriority.hxx:21:1),,Enum,(unnamed enum at E:\code\occtSrc\Install\inc\MeshVS_BuilderPriority.hxx:21:1),,(unnamed enum at E:\code\occtSrc\Install\inc\MeshVS,Unknown
(unnamed enum at E:\code\occtSrc\Install\inc\MeshVS_DisplayModeFlags.hxx:21:1),,Enum,(unnamed enum at E:\code\occtSrc\Install\inc\MeshVS_DisplayModeFlags.hxx:21:1),,(unnamed enum at E:\code\occtSrc\Install\inc\MeshVS,Unknown
(unnamed enum at E:\code\occtSrc\Install\inc\NCollection_CellFilter.hxx:506:3),,Enum,(unnamed enum at E:\code\occtSrc\Install\inc\NCollection_CellFilter.hxx:506:3),,(unnamed enum at E:\code\occtSrc\Install\inc\NCollection,Unknown
(unnamed enum at E:\code\occtSrc\Install\inc\NCollection_CellFilter.hxx:535:3),,Enum,(unnamed enum at E:\code\occtSrc\Install\inc\NCollection_CellFilter.hxx:535:3),,(unnamed enum at E:\code\occtSrc\Install\inc\NCollection,Unknown
(unnamed enum at E:\code\occtSrc\Install\inc\OpenGl_PrimitiveArray.hxx:47:3),,Enum,(unnamed enum at E:\code\occtSrc\Install\inc\OpenGl_PrimitiveArray.hxx:47:3),,(unnamed enum at E:\code\occtSrc\Install\inc\OpenGl,Unknown
(unnamed enum at E:\code\occtSrc\Install\inc\Poly_MeshPurpose.hxx:20:1),,Enum,(unnamed enum at E:\code\occtSrc\Install\inc\Poly_MeshPurpose.hxx:20:1),,(unnamed enum at E:\code\occtSrc\Install\inc\Poly,Unknown
(unnamed enum at E:\code\occtSrc\Install\inc\Prs3d_DatumAttribute.hxx:40:1),,Enum,(unnamed enum at E:\code\occtSrc\Install\inc\Prs3d_DatumAttribute.hxx:40:1),,(unnamed enum at E:\code\occtSrc\Install\inc\Prs3d,Unknown
(unnamed enum at E:\code\occtSrc\Install\inc\Prs3d_DatumParts.hxx:46:1),,Enum,(unnamed enum at E:\code\occtSrc\Install\inc\Prs3d_DatumParts.hxx:46:1),,(unnamed enum at E:\code\occtSrc\Install\inc\Prs3d,Unknown
(unnamed enum at E:\code\occtSrc\Install\inc\RWGltf_WriterTrsfFormat.hxx:28:1),,Enum,(unnamed enum at E:\code\occtSrc\Install\inc\RWGltf_WriterTrsfFormat.hxx:28:1),,(unnamed enum at E:\code\occtSrc\Install\inc\RWGltf,Unknown
(unnamed enum at E:\code\occtSrc\Install\inc\SelectMgr_RectangularFrustum.hxx:296:3),,Enum,(unnamed enum at E:\code\occtSrc\Install\inc\SelectMgr_RectangularFrustum.hxx:296:3),,(unnamed enum at E:\code\occtSrc\Install\inc\SelectMgr,Unknown
(unnamed enum at E:\code\occtSrc\Install\inc\TDF_LabelNode.hxx:39:1),,Enum,(unnamed enum at E:\code\occtSrc\Install\inc\TDF_LabelNode.hxx:39:1),,(unnamed enum at E:\code\occtSrc\Install\inc\TDF,Unknown
(unnamed enum at E:\code\occtSrc\Install\inc\TDocStd_FormatVersion.hxx:86:1),,Enum,(unnamed enum at E:\code\occtSrc\Install\inc\TDocStd_FormatVersion.hxx:86:1),,(unnamed enum at E:\code\occtSrc\Install\inc\TDocStd,Unknown
(unnamed enum at E:\code\occtSrc\Install\inc\TObj_TIntSparseArray.hxx:129:3),,Enum,(unnamed enum at E:\code\occtSrc\Install\inc\TObj_TIntSparseArray.hxx:129:3),,(unnamed enum at E:\code\occtSrc\Install\inc\TObj,Unknown
(unnamed enum at E:\code\occtSrc\Install\inc\TopTools_FormatVersion.hxx:31:1),,Enum,(unnamed enum at E:\code\occtSrc\Install\inc\TopTools_FormatVersion.hxx:31:1),,(unnamed enum at E:\code\occtSrc\Install\inc\TopTools,Unknown
(unnamed enum at E:\code\occtSrc\Install\inc\WNT_HIDSpaceMouse.hxx:165:3),,Enum,(unnamed enum at E:\code\occtSrc\Install\inc\WNT_HIDSpaceMouse.hxx:165:3),,(unnamed enum at E:\code\occtSrc\Install\inc\WNT,Unknown
(unnamed enum at E:\code\occtSrc\Install\inc\WNT_HIDSpaceMouse.hxx:95:3),,Enum,(unnamed enum at E:\code\occtSrc\Install\inc\WNT_HIDSpaceMouse.hxx:95:3),,(unnamed enum at E:\code\occtSrc\Install\inc\WNT,Unknown
(unnamed enum at E:\code\occtSrc\Install\inc\XCAFPrs_DocumentExplorer.hxx:40:1),,Enum,(unnamed enum at E:\code\occtSrc\Install\inc\XCAFPrs_DocumentExplorer.hxx:40:1),,(unnamed enum at E:\code\occtSrc\Install\inc\XCAFPrs,Unknown
AIS_DisplayMode,,Enum,AIS_DisplayMode,,AIS,TKV3d
AIS_DragAction,,Enum,AIS_DragAction,,AIS,TKV3d
AIS_KindOfInteractive,,Enum,AIS_KindOfInteractive,,AIS,TKV3d
AIS_ManipulatorMode,,Enum,AIS_ManipulatorMode,,AIS,TKV3d
AIS_MouseGesture,,Enum,AIS_MouseGesture,,AIS,TKV3d
AIS_NavigationMode,,Enum,AIS_NavigationMode,,AIS,TKV3d
AIS_RotationMode,,Enum,AIS_RotationMode,,AIS,TKV3d
AIS_SelectStatus,,Enum,AIS_SelectStatus,,AIS,TKV3d
AIS_SelectionModesConcurrency,,Enum,AIS_SelectionModesConcurrency,,AIS,TKV3d
AIS_SelectionScheme,,Enum,AIS_SelectionScheme,,AIS,TKV3d
AIS_StatusOfDetection,,Enum,AIS_StatusOfDetection,,AIS,TKV3d
AIS_StatusOfPick,,Enum,AIS_StatusOfPick,,AIS,TKV3d
AIS_TrihedronSelectionMode,,Enum,AIS_TrihedronSelectionMode,,AIS,TKV3d
AIS_TypeOfAttribute,,Enum,AIS_TypeOfAttribute,,AIS,TKV3d
AIS_TypeOfAxis,,Enum,AIS_TypeOfAxis,,AIS,TKV3d
AIS_TypeOfIso,,Enum,AIS_TypeOfIso,,AIS,TKV3d
AIS_TypeOfPlane,,Enum,AIS_TypeOfPlane,,AIS,TKV3d
AIS_ViewInputBufferType,,Enum,AIS_ViewInputBufferType,,AIS,TKV3d
AIS_ViewSelectionTool,,Enum,AIS_ViewSelectionTool,,AIS,TKV3d
AIS_WalkRotation,,Enum,AIS_WalkRotation,,AIS,TKV3d
AIS_WalkTranslation,,Enum,AIS_WalkTranslation,,AIS,TKV3d
AdvApp2Var_CriterionRepartition,,Enum,AdvApp2Var_CriterionRepartition,,AdvApp2Var,TKGeomBase
AdvApp2Var_CriterionType,,Enum,AdvApp2Var_CriterionType,,AdvApp2Var,TKGeomBase
AllocatorType,,Enum,AllocatorType,,AllocatorType,Unknown
Anaglyph,,Enum,Anaglyph,,Anaglyph,Unknown
AngleUnitMode,,Enum,AngleUnitMode,,AngleUnitMode,Unknown
AnimationState,,Enum,AnimationState,,AnimationState,Unknown
AppParCurves_Constraint,,Enum,AppParCurves_Constraint,,AppParCurves,TKGeomBase
AppendMode,,Enum,AppendMode,,AppendMode,Unknown
Approx_ParametrizationType,,Enum,Approx_ParametrizationType,,Approx,TKGeomBase
Approx_Status,,Enum,Approx_Status,,Approx,TKGeomBase
Aspect_ColorSpace,,Enum,Aspect_ColorSpace,,Aspect,TKService
Aspect_Eye,,Enum,Aspect_Eye,,Aspect,TKService
Aspect_FillMethod,,Enum,Aspect_FillMethod,,Aspect,TKService
Aspect_GradientFillMethod,,Enum,Aspect_GradientFillMethod,,Aspect,TKService
Aspect_GraphicsLibrary,,Enum,Aspect_GraphicsLibrary,,Aspect,TKService
Aspect_GridDrawMode,,Enum,Aspect_GridDrawMode,,Aspect,TKService
Aspect_GridType,,Enum,Aspect_GridType,,Aspect,TKService
Aspect_HatchStyle,,Enum,Aspect_HatchStyle,,Aspect,TKService
Aspect_InteriorStyle,,Enum,Aspect_InteriorStyle,,Aspect,TKService
Aspect_PolygonOffsetMode,,Enum,Aspect_PolygonOffsetMode,,Aspect,TKService
Aspect_PolygonOffsetMode,,Enum,Aspect_PolygonOffsetMode,,Aspect,TKService
Aspect_TypeOfColorScaleData,,Enum,Aspect_TypeOfColorScaleData,,Aspect,TKService
Aspect_TypeOfColorScaleOrientation,,Enum,Aspect_TypeOfColorScaleOrientation,,Aspect,TKService
Aspect_TypeOfColorScalePosition,,Enum,Aspect_TypeOfColorScalePosition,,Aspect,TKService
Aspect_TypeOfDeflection,,Enum,Aspect_TypeOfDeflection,,Aspect,TKService
Aspect_TypeOfDisplayText,,Enum,Aspect_TypeOfDisplayText,,Aspect,TKService
Aspect_TypeOfFacingModel,,Enum,Aspect_TypeOfFacingModel,,Aspect,TKService
Aspect_TypeOfHighlightMethod,,Enum,Aspect_TypeOfHighlightMethod,,Aspect,TKService
Aspect_TypeOfLine,,Enum,Aspect_TypeOfLine,,Aspect,TKService
Aspect_TypeOfMarker,,Enum,Aspect_TypeOfMarker,,Aspect,TKService
Aspect_TypeOfResize,,Enum,Aspect_TypeOfResize,,Aspect,TKService
Aspect_TypeOfStyleText,,Enum,Aspect_TypeOfStyleText,,Aspect,TKService
Aspect_TypeOfTriedronPosition,,Enum,Aspect_TypeOfTriedronPosition,,Aspect,TKService
Aspect_VKeyBasic,,Enum,Aspect_VKeyBasic,,Aspect,TKService
Aspect_WidthOfLine,,Enum,Aspect_WidthOfLine,,Aspect,TKService
Aspect_XAtom,,Enum,Aspect_XAtom,,Aspect,TKService
Aspect_XRActionType,,Enum,Aspect_XRActionType,,Aspect,TKService
Aspect_XRGenericAction,,Enum,Aspect_XRGenericAction,,Aspect,TKService
Aspect_XRTrackedDeviceRole,,Enum,Aspect_XRTrackedDeviceRole,,Aspect,TKService
AxisFlags,,Enum,AxisFlags,,AxisFlags,Unknown
BOMType,,Enum,BOMType,,BOMType,Unknown
BOPAlgo_CheckStatus,,Enum,BOPAlgo_CheckStatus,,BOPAlgo,TKBO
BOPAlgo_GlueEnum,,Enum,BOPAlgo_GlueEnum,,BOPAlgo,TKBO
BOPAlgo_Operation,,Enum,BOPAlgo_Operation,,BOPAlgo,TKBO
BOPAlgo_PIOperation,,Enum,BOPAlgo_PIOperation,,BOPAlgo,TKBO
BOPAlgo_PIOperation,,Enum,BOPAlgo_PIOperation,,BOPAlgo,TKBO
BOPAlgo_PIOperation,,Enum,BOPAlgo_PIOperation,,BOPAlgo,TKBO
BOPAlgo_PIOperation,,Enum,BOPAlgo_PIOperation,,BOPAlgo,TKBO
BRepBuilderAPI_EdgeError,,Enum,BRepBuilderAPI_EdgeError,,BRepBuilderAPI,TKTopAlgo
BRepBuilderAPI_FaceError,,Enum,BRepBuilderAPI_FaceError,,BRepBuilderAPI,TKTopAlgo
BRepBuilderAPI_PipeError,,Enum,BRepBuilderAPI_PipeError,,BRepBuilderAPI,TKTopAlgo
BRepBuilderAPI_ShapeModification,,Enum,BRepBuilderAPI_ShapeModification,,BRepBuilderAPI,TKTopAlgo
BRepBuilderAPI_ShellError,,Enum,BRepBuilderAPI_ShellError,,BRepBuilderAPI,TKTopAlgo
BRepBuilderAPI_TransitionMode,,Enum,BRepBuilderAPI_TransitionMode,,BRepBuilderAPI,TKTopAlgo
BRepBuilderAPI_WireError,,Enum,BRepBuilderAPI_WireError,,BRepBuilderAPI,TKTopAlgo
BRepCheck_Status,,Enum,BRepCheck_Status,,BRepCheck,TKTopAlgo
BRepExtrema_SupportType,,Enum,BRepExtrema_SupportType,,BRepExtrema,TKTopAlgo
BRepFeat_PerfSelection,,Enum,BRepFeat_PerfSelection,,BRepFeat,TKFeat
BRepFeat_Status,,Enum,BRepFeat_Status,,BRepFeat,TKFeat
BRepFeat_StatusError,,Enum,BRepFeat_StatusError,,BRepFeat,TKFeat
BRepFill_ThruSectionErrorStatus,,Enum,BRepFill_ThruSectionErrorStatus,,BRepFill,TKBool
BRepFill_TransitionStyle,,Enum,BRepFill_TransitionStyle,,BRepFill,TKBool
BRepFill_TypeOfContact,,Enum,BRepFill_TypeOfContact,,BRepFill,TKBool
BRepGProp_GaussType,,Enum,BRepGProp_GaussType,,BRepGProp,TKTopAlgo
BRepGProp_GaussType,,Enum,BRepGProp_GaussType,,BRepGProp,TKTopAlgo
BRepGProp_MeshObjType,,Enum,BRepGProp_MeshObjType,,BRepGProp,TKTopAlgo
BRepGProp_MeshObjType,,Enum,BRepGProp_MeshObjType,,BRepGProp,TKTopAlgo
BRepLib_EdgeError,,Enum,BRepLib_EdgeError,,BRepLib,TKTopAlgo
BRepLib_FaceError,,Enum,BRepLib_FaceError,,BRepLib,TKTopAlgo
BRepLib_ShapeModification,,Enum,BRepLib_ShapeModification,,BRepLib,TKTopAlgo
BRepLib_ShellError,,Enum,BRepLib_ShellError,,BRepLib,TKTopAlgo
BRepLib_WireError,,Enum,BRepLib_WireError,,BRepLib,TKTopAlgo
BRepMesh_DegreeOfFreedom,,Enum,BRepMesh_DegreeOfFreedom,,BRepMesh,TKMesh
BRepMesh_FactoryError,,Enum,BRepMesh_FactoryError,,BRepMesh,TKMesh
BRepOffsetSimple_Status,,Enum,BRepOffsetSimple_Status,,BRepOffsetSimple,Unknown
BRepOffset_Error,,Enum,BRepOffset_Error,,BRepOffset,TKOffset
BRepOffset_Mode,,Enum,BRepOffset_Mode,,BRepOffset,TKOffset
BRepOffset_Status,,Enum,BRepOffset_Status,,BRepOffset,TKOffset
BRepPrim_Direction,,Enum,BRepPrim_Direction,,BRepPrim,TKPrim
BSplCLib_KnotDistribution,,Enum,BSplCLib_KnotDistribution,,BSplCLib,TKMath
BSplCLib_MultDistribution,,Enum,BSplCLib_MultDistribution,,BSplCLib,TKMath
BVHSubset,,Enum,BVHSubset,,BVHSubset,Unknown
BVH_PrjStateInTriangle,,Enum,BVH_PrjStateInTriangle,,BVH,TKMath
BiTgte_ContactType,,Enum,BiTgte_ContactType,,BiTgte,TKOffset
BinDrivers_Marker,,Enum,BinDrivers_Marker,,BinDrivers,TKBin
BinLDrivers_Marker,,Enum,BinLDrivers_Marker,,BinLDrivers,TKBinL
BinTools_FormatVersion,,Enum,BinTools_FormatVersion,,BinTools,TKBRep
BinTools_ObjectType,,Enum,BinTools_ObjectType,,BinTools,TKBRep
BlendFunc_SectionShape,,Enum,BlendFunc_SectionShape,,BlendFunc,TKFillet
Blend_DecrochStatus,,Enum,Blend_DecrochStatus,,Blend,TKFillet
Blend_Status,,Enum,Blend_Status,,Blend,TKFillet
CDF_StoreSetNameStatus,,Enum,CDF_StoreSetNameStatus,,CDF,TKCDF
CDF_SubComponentStatus,,Enum,CDF_SubComponentStatus,,CDF,TKCDF
CDF_TryStoreStatus,,Enum,CDF_TryStoreStatus,,CDF,TKCDF
CDF_TypeOfActivation,,Enum,CDF_TypeOfActivation,,CDF,TKCDF
CDM_CanCloseStatus,,Enum,CDM_CanCloseStatus,,CDM,TKCDF
CSLib_DerivativeStatus,,Enum,CSLib_DerivativeStatus,,CSLib,TKMath
CSLib_NormalStatus,,Enum,CSLib_NormalStatus,,CSLib,TKMath
ChFi2d_ConstructionError,,Enum,ChFi2d_ConstructionError,,ChFi2d,TKFillet
ChFi3d_FilletShape,,Enum,ChFi3d_FilletShape,,ChFi3d,TKFillet
ChFiDS_ChamfMethod,,Enum,ChFiDS_ChamfMethod,,ChFiDS,TKFillet
ChFiDS_ChamfMode,,Enum,ChFiDS_ChamfMode,,ChFiDS,TKFillet
ChFiDS_ErrorStatus,,Enum,ChFiDS_ErrorStatus,,ChFiDS,TKFillet
ChFiDS_State,,Enum,ChFiDS_State,,ChFiDS,TKFillet
ChFiDS_TypeOfConcavity,,Enum,ChFiDS_TypeOfConcavity,,ChFiDS,TKFillet
ChildTag,,Enum,ChildTag,,ChildTag,Unknown
ComputeMode,,Enum,ComputeMode,,ComputeMode,Unknown
Contap_IType,,Enum,Contap_IType,,Contap,TKHLR
Contap_TFunction,,Enum,Contap_TFunction,,Contap,TKHLR
Convert_ParameterisationType,,Enum,Convert_ParameterisationType,,Convert,TKMath
Counter,,Enum,Counter,,Counter,Unknown
DIR_RESPONSE,,Enum,DIR_RESPONSE,,DIR,Unknown
DataTag,,Enum,DataTag,,DataTag,Unknown
DataTag,,Enum,DataTag,,DataTag,Unknown
DataTag,,Enum,DataTag,,DataTag,Unknown
DisplayMode,,Enum,DisplayMode,,DisplayMode,Unknown
Draft_ErrorStatus,,Enum,Draft_ErrorStatus,,Draft,TKOffset
Draw_ColorKind,,Enum,Draw_ColorKind,,Draw,TKDraw
Draw_MarkerShape,,Enum,Draw_MarkerShape,,Draw,TKDraw
DsgPrs_ArrowSide,,Enum,DsgPrs_ArrowSide,,DsgPrs,TKV3d
EMaskFlags,,Enum,EMaskFlags,,EMaskFlags,Unknown
EMaskFlags,,Enum,EMaskFlags,,EMaskFlags,Unknown
EMskFlags,,Enum,EMskFlags,,EMskFlags,Unknown
EMskFlags,,Enum,EMskFlags,,EMskFlags,Unknown
EdgeType,,Enum,EdgeType,,EdgeType,Unknown
Extrema_ElementType,,Enum,Extrema_ElementType,,Extrema,TKGeomBase
Extrema_ExtAlgo,,Enum,Extrema_ExtAlgo,,Extrema,TKGeomBase
Extrema_ExtFlag,,Enum,Extrema_ExtFlag,,Extrema,TKGeomBase
FS_Statuses,,Enum,FS_Statuses,,FS,Unknown
FairCurve_AnalysisCode,,Enum,FairCurve_AnalysisCode,,FairCurve,TKGeomAlgo
FilletSurf_ErrorTypeStatus,,Enum,FilletSurf_ErrorTypeStatus,,FilletSurf,TKFillet
FilletSurf_StatusDone,,Enum,FilletSurf_StatusDone,,FilletSurf,TKFillet
FilletSurf_StatusType,,Enum,FilletSurf_StatusType,,FilletSurf,TKFillet
FilterResult,,Enum,FilterResult,,FilterResult,Unknown
FixMode,,Enum,FixMode,,FixMode,Unknown
FocusType,,Enum,FocusType,,FocusType,Unknown
Font_FontAspect,,Enum,Font_FontAspect,,Font,TKService
Font_Hinting,,Enum,Font_Hinting,,Font,TKService
Font_StrictLevel,,Enum,Font_StrictLevel,,Font,TKService
Font_UnicodeSubset,,Enum,Font_UnicodeSubset,,Font,TKService
FrustumCulling,,Enum,FrustumCulling,,FrustumCulling,Unknown
GCPnts_AbscissaType,,Enum,GCPnts_AbscissaType,,GCPnts,TKGeomBase
GCPnts_DeflectionType,,Enum,GCPnts_DeflectionType,,GCPnts,TKGeomBase
GProp_EquaType,,Enum,GProp_EquaType,,GProp,TKG3d
GProp_ValueType,,Enum,GProp_ValueType,,GProp,TKG3d
GccEnt_Position,,Enum,GccEnt_Position,,GccEnt,TKGeomAlgo
GccInt_IType,,Enum,GccInt_IType,,GccInt,TKGeomAlgo
GenMode,,Enum,GenMode,,GenMode,Unknown
Geom2dGcc_Type1,,Enum,Geom2dGcc_Type1,,Geom2dGcc,TKGeomAlgo
Geom2dGcc_Type2,,Enum,Geom2dGcc_Type2,,Geom2dGcc,TKGeomAlgo
Geom2dGcc_Type3,,Enum,Geom2dGcc_Type3,,Geom2dGcc,TKGeomAlgo
GeomAbs_BSplKnotDistribution,,Enum,GeomAbs_BSplKnotDistribution,,GeomAbs,TKMath
GeomAbs_CurveType,,Enum,GeomAbs_CurveType,,GeomAbs,TKMath
GeomAbs_IsoType,,Enum,GeomAbs_IsoType,,GeomAbs,TKMath
GeomAbs_JoinType,,Enum,GeomAbs_JoinType,,GeomAbs,TKMath
GeomAbs_Shape,,Enum,GeomAbs_Shape,,GeomAbs,TKMath
GeomAbs_SurfaceType,,Enum,GeomAbs_SurfaceType,,GeomAbs,TKMath
GeomConvert_ConvType,,Enum,GeomConvert_ConvType,,GeomConvert,TKGeomBase
GeomFill_ApproxStyle,,Enum,GeomFill_ApproxStyle,,GeomFill,TKGeomAlgo
GeomFill_FillingStyle,,Enum,GeomFill_FillingStyle,,GeomFill,TKGeomAlgo
GeomFill_PipeError,,Enum,GeomFill_PipeError,,GeomFill,TKGeomAlgo
GeomFill_Trihedron,,Enum,GeomFill_Trihedron,,GeomFill,TKGeomAlgo
GeomLib_InterpolationErrors,,Enum,GeomLib_InterpolationErrors,,GeomLib,TKGeomBase
GeometryType,,Enum,GeometryType,,GeometryType,Unknown
Graphic3d_AlphaMode,,Enum,Graphic3d_AlphaMode,,Graphic3d,TKService
Graphic3d_BufferType,,Enum,Graphic3d_BufferType,,Graphic3d,TKService
Graphic3d_CappingFlags,,Enum,Graphic3d_CappingFlags,,Graphic3d,TKService
Graphic3d_ClipState,,Enum,Graphic3d_ClipState,,Graphic3d,TKService
Graphic3d_CubeMapSide,,Enum,Graphic3d_CubeMapSide,,Graphic3d,TKService
Graphic3d_DiagnosticInfo,,Enum,Graphic3d_DiagnosticInfo,,Graphic3d,TKService
Graphic3d_DisplayPriority,,Enum,Graphic3d_DisplayPriority,,Graphic3d,TKService
Graphic3d_FrameStatsCounter,,Enum,Graphic3d_FrameStatsCounter,,Graphic3d,TKService
Graphic3d_FrameStatsTimer,,Enum,Graphic3d_FrameStatsTimer,,Graphic3d,TKService
Graphic3d_FresnelModel,,Enum,Graphic3d_FresnelModel,,Graphic3d,TKService
Graphic3d_GlslExtension,,Enum,Graphic3d_GlslExtension,,Graphic3d,TKService
Graphic3d_GroupAspect,,Enum,Graphic3d_GroupAspect,,Graphic3d,TKService
Graphic3d_HorizontalTextAlignment,,Enum,Graphic3d_HorizontalTextAlignment,,Graphic3d,TKService
Graphic3d_LevelOfTextureAnisotropy,,Enum,Graphic3d_LevelOfTextureAnisotropy,,Graphic3d,TKService
Graphic3d_NameOfMaterial,,Enum,Graphic3d_NameOfMaterial,,Graphic3d,TKService
Graphic3d_NameOfTexture1D,,Enum,Graphic3d_NameOfTexture1D,,Graphic3d,TKService
Graphic3d_NameOfTexture2D,,Enum,Graphic3d_NameOfTexture2D,,Graphic3d,TKService
Graphic3d_NameOfTextureEnv,,Enum,Graphic3d_NameOfTextureEnv,,Graphic3d,TKService
Graphic3d_NameOfTexturePlane,,Enum,Graphic3d_NameOfTexturePlane,,Graphic3d,TKService
Graphic3d_RenderTransparentMethod,,Enum,Graphic3d_RenderTransparentMethod,,Graphic3d,TKService
Graphic3d_RenderingMode,,Enum,Graphic3d_RenderingMode,,Graphic3d,TKService
Graphic3d_ShaderFlags,,Enum,Graphic3d_ShaderFlags,,Graphic3d,TKService
Graphic3d_StereoMode,,Enum,Graphic3d_StereoMode,,Graphic3d,TKService
Graphic3d_TextPath,,Enum,Graphic3d_TextPath,,Graphic3d,TKService
Graphic3d_TextureSetBits,,Enum,Graphic3d_TextureSetBits,,Graphic3d,TKService
Graphic3d_TextureUnit,,Enum,Graphic3d_TextureUnit,,Graphic3d,TKService
Graphic3d_ToneMappingMethod,,Enum,Graphic3d_ToneMappingMethod,,Graphic3d,TKService
Graphic3d_TransModeFlags,,Enum,Graphic3d_TransModeFlags,,Graphic3d,TKService
Graphic3d_TypeOfAnswer,,Enum,Graphic3d_TypeOfAnswer,,Graphic3d,TKService
Graphic3d_TypeOfAttribute,,Enum,Graphic3d_TypeOfAttribute,,Graphic3d,TKService
Graphic3d_TypeOfBackfacingModel,,Enum,Graphic3d_TypeOfBackfacingModel,,Graphic3d,TKService
Graphic3d_TypeOfBackground,,Enum,Graphic3d_TypeOfBackground,,Graphic3d,TKService
Graphic3d_TypeOfConnection,,Enum,Graphic3d_TypeOfConnection,,Graphic3d,TKService
Graphic3d_TypeOfData,,Enum,Graphic3d_TypeOfData,,Graphic3d,TKService
Graphic3d_TypeOfLightSource,,Enum,Graphic3d_TypeOfLightSource,,Graphic3d,TKService
Graphic3d_TypeOfLimit,,Enum,Graphic3d_TypeOfLimit,,Graphic3d,TKService
Graphic3d_TypeOfMaterial,,Enum,Graphic3d_TypeOfMaterial,,Graphic3d,TKService
Graphic3d_TypeOfPrimitiveArray,,Enum,Graphic3d_TypeOfPrimitiveArray,,Graphic3d,TKService
Graphic3d_TypeOfReflection,,Enum,Graphic3d_TypeOfReflection,,Graphic3d,TKService
Graphic3d_TypeOfShaderObject,,Enum,Graphic3d_TypeOfShaderObject,,Graphic3d,TKService
Graphic3d_TypeOfShadingModel,,Enum,Graphic3d_TypeOfShadingModel,,Graphic3d,TKService
Graphic3d_TypeOfStructure,,Enum,Graphic3d_TypeOfStructure,,Graphic3d,TKService
Graphic3d_TypeOfTexture,,Enum,Graphic3d_TypeOfTexture,,Graphic3d,TKService
Graphic3d_TypeOfTextureFilter,,Enum,Graphic3d_TypeOfTextureFilter,,Graphic3d,TKService
Graphic3d_TypeOfTextureMode,,Enum,Graphic3d_TypeOfTextureMode,,Graphic3d,TKService
Graphic3d_TypeOfVisualization,,Enum,Graphic3d_TypeOfVisualization,,Graphic3d,TKService
Graphic3d_VerticalTextAlignment,,Enum,Graphic3d_VerticalTextAlignment,,Graphic3d,TKService
HLRAlgo_PolyMask,,Enum,HLRAlgo_PolyMask,,HLRAlgo,TKHLR
HLRBRep_TypeOfResultingEdge,,Enum,HLRBRep_TypeOfResultingEdge,,HLRBRep,TKHLR
HatchGen_ErrorStatus,,Enum,HatchGen_ErrorStatus,,HatchGen,TKGeomAlgo
HatchGen_IntersectionType,,Enum,HatchGen_IntersectionType,,HatchGen,TKGeomAlgo
Hatch_LineForm,,Enum,Hatch_LineForm,,Hatch,TKGeomAlgo
IBlockSizeLevel,,Enum,IBlockSizeLevel,,IBlockSizeLevel,Unknown
IFSelect_EditValue,,Enum,IFSelect_EditValue,,IFSelect,TKXSBase
IFSelect_PrintCount,,Enum,IFSelect_PrintCount,,IFSelect,TKXSBase
IFSelect_PrintFail,,Enum,IFSelect_PrintFail,,IFSelect,TKXSBase
IFSelect_RemainMode,,Enum,IFSelect_RemainMode,,IFSelect,TKXSBase
IFSelect_ReturnStatus,,Enum,IFSelect_ReturnStatus,,IFSelect,TKXSBase
IGESData_DefList,,Enum,IGESData_DefList,,IGESData,TKDEIGES
IGESData_DefType,,Enum,IGESData_DefType,,IGESData,TKDEIGES
IGESData_ReadStage,,Enum,IGESData_ReadStage,,IGESData,TKDEIGES
IGESData_Status,,Enum,IGESData_Status,,IGESData,TKDEIGES
IMeshData_Status,,Enum,IMeshData_Status,,IMeshData,TKMesh
IMeshTools_MeshAlgoType,,Enum,IMeshTools_MeshAlgoType,,IMeshTools,TKMesh
IODType,,Enum,IODType,,IODType,Unknown
Image_CompressedFormat,,Enum,Image_CompressedFormat,,Image,TKService
Image_Format,,Enum,Image_Format,,Image,TKService
InfoString,,Enum,InfoString,,InfoString,Unknown
IntAna_ResultType,,Enum,IntAna_ResultType,,IntAna,TKGeomBase
IntCurveSurface_TransitionOnCurve,,Enum,IntCurveSurface_TransitionOnCurve,,IntCurveSurface,TKGeomAlgo
IntFlag,,Enum,IntFlag,,IntFlag,Unknown
IntImp_ConstIsoparametric,,Enum,IntImp_ConstIsoparametric,,IntImp,TKGeomAlgo
IntPatch_IType,,Enum,IntPatch_IType,,IntPatch,TKGeomAlgo
IntPatch_SpecPntType,,Enum,IntPatch_SpecPntType,,IntPatch,TKGeomAlgo
IntPatch_WLType,,Enum,IntPatch_WLType,,IntPatch,TKGeomAlgo
IntRes2d_Position,,Enum,IntRes2d_Position,,IntRes2d,TKGeomAlgo
IntRes2d_Situation,,Enum,IntRes2d_Situation,,IntRes2d,TKGeomAlgo
IntRes2d_TypeTrans,,Enum,IntRes2d_TypeTrans,,IntRes2d,TKGeomAlgo
IntStatus,,Enum,IntStatus,,IntStatus,Unknown
IntSurf_Situation,,Enum,IntSurf_Situation,,IntSurf,TKGeomAlgo
IntSurf_TypeTrans,,Enum,IntSurf_TypeTrans,,IntSurf,TKGeomAlgo
IntWalk_StatusDeflection,,Enum,IntWalk_StatusDeflection,,IntWalk,TKGeomAlgo
Interface_CheckStatus,,Enum,Interface_CheckStatus,,Interface,TKXSBase
Interface_DataState,,Enum,Interface_DataState,,Interface,TKXSBase
Interface_ParamType,,Enum,Interface_ParamType,,Interface,TKXSBase
Intf_PIType,,Enum,Intf_PIType,,Intf,TKGeomAlgo
Intrv_Position,,Enum,Intrv_Position,,Intrv,TKHLR
IterationFilter,,Enum,IterationFilter,,IterationFilter,Unknown
IterationFilter,,Enum,IterationFilter,,IterationFilter,Unknown
KeyStatus,,Enum,KeyStatus,,KeyStatus,Unknown
LProp_CIType,,Enum,LProp_CIType,,LProp,TKG2d
LProp_Status,,Enum,LProp_Status,,LProp,TKG2d
LabelPosition,,Enum,LabelPosition,,LabelPosition,Unknown
LinkFlag,,Enum,LinkFlag,,LinkFlag,Unknown
LocOpe_Operation,,Enum,LocOpe_Operation,,LocOpe,TKFeat
LocalAnalysis_StatusErrorType,,Enum,LocalAnalysis_StatusErrorType,,LocalAnalysis,TKGeomAlgo
MAT_Side,,Enum,MAT_Side,,MAT,TKTopAlgo
ManipulatorSkin,,Enum,ManipulatorSkin,,ManipulatorSkin,Unknown
MaskFlags,,Enum,MaskFlags,,MaskFlags,Unknown
MaskFlags,,Enum,MaskFlags,,MaskFlags,Unknown
Media_PlayerEvent,,Enum,Media_PlayerEvent,,Media,TKService
MeshVS_DrawerAttribute,,Enum,MeshVS_DrawerAttribute,,MeshVS,TKMeshVS
MeshVS_EntityType,,Enum,MeshVS_EntityType,,MeshVS,TKMeshVS
MeshVS_EntityType,,Enum,MeshVS_EntityType,,MeshVS,TKMeshVS
MeshVS_MeshSelectionMethod,,Enum,MeshVS_MeshSelectionMethod,,MeshVS,TKMeshVS
MeshVS_SelectionModeFlags,,Enum,MeshVS_SelectionModeFlags,,MeshVS,TKMeshVS
MeshVS_SelectionModeFlags,,Enum,MeshVS_SelectionModeFlags,,MeshVS,TKMeshVS
Message_ConsoleColor,,Enum,Message_ConsoleColor,,Message,TKernel
Message_Gravity,,Enum,Message_Gravity,,Message,TKernel
Message_MetricType,,Enum,Message_MetricType,,Message,TKernel
Message_Status,,Enum,Message_Status,,Message,TKernel
Message_StatusType,,Enum,Message_StatusType,,Message,TKernel
ModeType,,Enum,ModeType,,ModeType,Unknown
MoniTool_ValueType,,Enum,MoniTool_ValueType,,MoniTool,TKXSBase
NCollection_CellFilter_Action,,Enum,NCollection_CellFilter_Action,,NCollection,TKernel
NodeType,,Enum,NodeType,,NodeType,Unknown
NodeType,,Enum,NodeType,,NodeType,Unknown
OSD_FromWhere,,Enum,OSD_FromWhere,,OSD,TKernel
OSD_KindFile,,Enum,OSD_KindFile,,OSD,TKernel
OSD_LoadMode,,Enum,OSD_LoadMode,,OSD,TKernel
OSD_LockType,,Enum,OSD_LockType,,OSD,TKernel
OSD_OEMType,,Enum,OSD_OEMType,,OSD,TKernel
OSD_OpenMode,,Enum,OSD_OpenMode,,OSD,TKernel
OSD_SignalMode,,Enum,OSD_SignalMode,,OSD,TKernel
OSD_SingleProtection,,Enum,OSD_SingleProtection,,OSD,TKernel
OSD_SysType,,Enum,OSD_SysType,,OSD,TKernel
OSD_WhoAmI,,Enum,OSD_WhoAmI,,OSD,TKernel
ObjectState,,Enum,ObjectState,,ObjectState,Unknown
OffsetAlgo_Type,,Enum,OffsetAlgo_Type,,OffsetAlgo,Unknown
OpenGl_FeatureFlag,,Enum,OpenGl_FeatureFlag,,OpenGl,TKOpenGles
OpenGl_LayerFilter,,Enum,OpenGl_LayerFilter,,OpenGl,TKOpenGles
OpenGl_MaterialFlag,,Enum,OpenGl_MaterialFlag,,OpenGl,TKOpenGles
OpenGl_RenderFilter,,Enum,OpenGl_RenderFilter,,OpenGl,TKOpenGles
OpenGl_ShaderProgramDumpLevel,,Enum,OpenGl_ShaderProgramDumpLevel,,OpenGl,TKOpenGles
OpenGl_StateVariable,,Enum,OpenGl_StateVariable,,OpenGl,TKOpenGles
OpenGl_TypeOfIBLMap,,Enum,OpenGl_TypeOfIBLMap,,OpenGl,TKOpenGles
OpenGl_UniformStateType,,Enum,OpenGl_UniformStateType,,OpenGl,TKOpenGles
Operation,,Enum,Operation,,Operation,Unknown
PBREnvironmentState,,Enum,PBREnvironmentState,,PBREnvironmentState,Unknown
PCDM_ReaderStatus,,Enum,PCDM_ReaderStatus,,PCDM,TKCDF
PCDM_StoreStatus,,Enum,PCDM_StoreStatus,,PCDM,TKCDF
PCDM_TypeOfFileDriver,,Enum,PCDM_TypeOfFileDriver,,PCDM,TKCDF
ParamDimension,,Enum,ParamDimension,,ParamDimension,Unknown
PerfCounters,,Enum,PerfCounters,,PerfCounters,Unknown
Projection,,Enum,Projection,,Projection,Unknown
ProxPnt_Status,,Enum,ProxPnt_Status,,ProxPnt,Unknown
Prs3d_DatumAttribute,,Enum,Prs3d_DatumAttribute,,Prs3d,TKV3d
Prs3d_DatumAxes,,Enum,Prs3d_DatumAxes,,Prs3d,TKV3d
Prs3d_DatumMode,,Enum,Prs3d_DatumMode,,Prs3d,TKV3d
Prs3d_DatumParts,,Enum,Prs3d_DatumParts,,Prs3d,TKV3d
Prs3d_DimensionArrowOrientation,,Enum,Prs3d_DimensionArrowOrientation,,Prs3d,TKV3d
Prs3d_DimensionTextHorizontalPosition,,Enum,Prs3d_DimensionTextHorizontalPosition,,Prs3d,TKV3d
Prs3d_DimensionTextVerticalPosition,,Enum,Prs3d_DimensionTextVerticalPosition,,Prs3d,TKV3d
Prs3d_TypeOfHLR,,Enum,Prs3d_TypeOfHLR,,Prs3d,TKV3d
Prs3d_TypeOfHighlight,,Enum,Prs3d_TypeOfHighlight,,Prs3d,TKV3d
Prs3d_TypeOfLinePicking,,Enum,Prs3d_TypeOfLinePicking,,Prs3d,TKV3d
Prs3d_VertexDrawMode,,Enum,Prs3d_VertexDrawMode,,Prs3d,TKV3d
PrsDim_DimensionSelectionMode,,Enum,PrsDim_DimensionSelectionMode,,PrsDim,TKV3d
PrsDim_DisplaySpecialSymbol,,Enum,PrsDim_DisplaySpecialSymbol,,PrsDim,TKV3d
PrsDim_KindOfDimension,,Enum,PrsDim_KindOfDimension,,PrsDim,TKV3d
PrsDim_KindOfRelation,,Enum,PrsDim_KindOfRelation,,PrsDim,TKV3d
PrsDim_KindOfSurface,,Enum,PrsDim_KindOfSurface,,PrsDim,TKV3d
PrsDim_TypeOfAngle,,Enum,PrsDim_TypeOfAngle,,PrsDim,TKV3d
PrsDim_TypeOfAngleArrowVisibility,,Enum,PrsDim_TypeOfAngleArrowVisibility,,PrsDim,TKV3d
PrsDim_TypeOfDist,,Enum,PrsDim_TypeOfDist,,PrsDim,TKV3d
PrsMgr_DisplayStatus,,Enum,PrsMgr_DisplayStatus,,PrsMgr,TKV3d
PrsMgr_TypeOfPresentation3d,,Enum,PrsMgr_TypeOfPresentation3d,,PrsMgr,TKV3d
Quantity_NameOfColor,,Enum,Quantity_NameOfColor,,Quantity,TKernel
Quantity_TypeOfColor,,Enum,Quantity_TypeOfColor,,Quantity,TKernel
RWGltf_GltfAccessorCompType,,Enum,RWGltf_GltfAccessorCompType,,RWGltf,TKDEGLTF
RWGltf_GltfAccessorLayout,,Enum,RWGltf_GltfAccessorLayout,,RWGltf,TKDEGLTF
RWGltf_GltfAlphaMode,,Enum,RWGltf_GltfAlphaMode,,RWGltf,TKDEGLTF
RWGltf_GltfArrayType,,Enum,RWGltf_GltfArrayType,,RWGltf,TKDEGLTF
RWGltf_GltfBufferViewTarget,,Enum,RWGltf_GltfBufferViewTarget,,RWGltf,TKDEGLTF
RWGltf_GltfPrimitiveMode,,Enum,RWGltf_GltfPrimitiveMode,,RWGltf,TKDEGLTF
RWGltf_GltfRootElement,,Enum,RWGltf_GltfRootElement,,RWGltf,TKDEGLTF
RWGltf_WriterTrsfFormat,,Enum,RWGltf_WriterTrsfFormat,,RWGltf,TKDEGLTF
RWMesh_CafReaderStatusEx,,Enum,RWMesh_CafReaderStatusEx,,RWMesh,TKRWMesh
RWMesh_CoordinateSystem,,Enum,RWMesh_CoordinateSystem,,RWMesh,TKRWMesh
RWMesh_NameFormat,,Enum,RWMesh_NameFormat,,RWMesh,TKRWMesh
RWMode_Tessellated,,Enum,RWMode_Tessellated,,RWMode,Unknown
RWObj_SubMeshReason,,Enum,RWObj_SubMeshReason,,RWObj,TKDEOBJ
RawInputMask,,Enum,RawInputMask,,RawInputMask,Unknown
RaytraceInitStatus,,Enum,RaytraceInitStatus,,RaytraceInitStatus,Unknown
RaytraceUpdateMode,,Enum,RaytraceUpdateMode,,RaytraceUpdateMode,Unknown
ReadMode_AssemblyLevel,,Enum,ReadMode_AssemblyLevel,,ReadMode,Unknown
ReadMode_BSplineContinuity,,Enum,ReadMode_BSplineContinuity,,ReadMode,Unknown
ReadMode_BSplineContinuity,,Enum,ReadMode_BSplineContinuity,,ReadMode,Unknown
ReadMode_MaxPrecision,,Enum,ReadMode_MaxPrecision,,ReadMode,Unknown
ReadMode_MaxPrecision,,Enum,ReadMode_MaxPrecision,,ReadMode,Unknown
ReadMode_Precision,,Enum,ReadMode_Precision,,ReadMode,Unknown
ReadMode_Precision,,Enum,ReadMode_Precision,,ReadMode,Unknown
ReadMode_ProductContext,,Enum,ReadMode_ProductContext,,ReadMode,Unknown
ReadMode_ShapeRepr,,Enum,ReadMode_ShapeRepr,,ReadMode,Unknown
ReadMode_SurfaceCurve,,Enum,ReadMode_SurfaceCurve,,ReadMode,Unknown
ReadMode_SurfaceCurve,,Enum,ReadMode_SurfaceCurve,,ReadMode,Unknown
RecordType,,Enum,RecordType,,RecordType,Unknown
RedrawMode,,Enum,RedrawMode,,RedrawMode,Unknown
RefTag,,Enum,RefTag,,RefTag,Unknown
ReplaceFlag,,Enum,ReplaceFlag,,ReplaceFlag,Unknown
Resource_FormatType,,Enum,Resource_FormatType,,Resource,TKernel
ResultCode,,Enum,ResultCode,,ResultCode,Unknown
STEPControl_StepModelType,,Enum,STEPControl_StepModelType,,STEPControl,TKDESTEP
Select3D_TypeOfSensitivity,,Enum,Select3D_TypeOfSensitivity,,Select3D,TKV3d
SelectMgr_FilterType,,Enum,SelectMgr_FilterType,,SelectMgr,TKV3d
SelectMgr_PickingStrategy,,Enum,SelectMgr_PickingStrategy,,SelectMgr,TKV3d
SelectMgr_SelectionType,,Enum,SelectMgr_SelectionType,,SelectMgr,TKV3d
SelectMgr_StateOfSelection,,Enum,SelectMgr_StateOfSelection,,SelectMgr,TKV3d
SelectMgr_TypeOfBVHUpdate,,Enum,SelectMgr_TypeOfBVHUpdate,,SelectMgr,TKV3d
SelectMgr_TypeOfDepthTolerance,,Enum,SelectMgr_TypeOfDepthTolerance,,SelectMgr,TKV3d
SelectMgr_TypeOfUpdate,,Enum,SelectMgr_TypeOfUpdate,,SelectMgr,TKV3d
SelectionMode,,Enum,SelectionMode,,SelectionMode,Unknown
SelectionMode,,Enum,SelectionMode,,SelectionMode,Unknown
ShaderImageNames,,Enum,ShaderImageNames,,ShaderImageNames,Unknown
ShaderVariableIndex,,Enum,ShaderVariableIndex,,ShaderVariableIndex,Unknown
ShapeExtend_Parametrisation,,Enum,ShapeExtend_Parametrisation,,ShapeExtend,TKShHealing
ShapeExtend_Status,,Enum,ShapeExtend_Status,,ShapeExtend,TKShHealing
ShapePersistent_TriangleMode,,Enum,ShapePersistent_TriangleMode,,ShapePersistent,TKStd
Standard_HandlerStatus,,Enum,Standard_HandlerStatus,,Standard,TKernel
Standard_JsonKey,,Enum,Standard_JsonKey,,Standard,TKernel
Status,,Enum,Status,,Status,Unknown
StatusMask,,Enum,StatusMask,,StatusMask,Unknown
StatusRange,,Enum,StatusRange,,StatusRange,Unknown
StdPrs_Volume,,Enum,StdPrs_Volume,,StdPrs,TKV3d
StdSelect_TypeOfEdge,,Enum,StdSelect_TypeOfEdge,,StdSelect,TKV3d
StdSelect_TypeOfFace,,Enum,StdSelect_TypeOfFace,,StdSelect,TKV3d
StdSelect_TypeOfSelectionImage,,Enum,StdSelect_TypeOfSelectionImage,,StdSelect,TKV3d
StepBasic_AheadOrBehind,,Enum,StepBasic_AheadOrBehind,,StepBasic,TKDESTEP
StepBasic_SiPrefix,,Enum,StepBasic_SiPrefix,,StepBasic,TKDESTEP
StepBasic_SiUnitName,,Enum,StepBasic_SiUnitName,,StepBasic,TKDESTEP
StepBasic_Source,,Enum,StepBasic_Source,,StepBasic,TKDESTEP
StepData_Logical,,Enum,StepData_Logical,,StepData,TKDESTEP
StepDimTol_AreaUnitType,,Enum,StepDimTol_AreaUnitType,,StepDimTol,TKDESTEP
StepDimTol_DatumReferenceModifierType,,Enum,StepDimTol_DatumReferenceModifierType,,StepDimTol,TKDESTEP
StepDimTol_GeometricToleranceModifier,,Enum,StepDimTol_GeometricToleranceModifier,,StepDimTol,TKDESTEP
StepDimTol_GeometricToleranceType,,Enum,StepDimTol_GeometricToleranceType,,StepDimTol,TKDESTEP
StepDimTol_LimitCondition,,Enum,StepDimTol_LimitCondition,,StepDimTol,TKDESTEP
StepDimTol_SimpleDatumReferenceModifier,,Enum,StepDimTol_SimpleDatumReferenceModifier,,StepDimTol,TKDESTEP
StepElement_CurveEdge,,Enum,StepElement_CurveEdge,,StepElement,TKDESTEP
StepElement_Element2dShape,,Enum,StepElement_Element2dShape,,StepElement,TKDESTEP
StepElement_ElementOrder,,Enum,StepElement_ElementOrder,,StepElement,TKDESTEP
StepElement_ElementVolume,,Enum,StepElement_ElementVolume,,StepElement,TKDESTEP
StepElement_EnumeratedCurveElementFreedom,,Enum,StepElement_EnumeratedCurveElementFreedom,,StepElement,TKDESTEP
StepElement_EnumeratedCurveElementPurpose,,Enum,StepElement_EnumeratedCurveElementPurpose,,StepElement,TKDESTEP
StepElement_EnumeratedSurfaceElementPurpose,,Enum,StepElement_EnumeratedSurfaceElementPurpose,,StepElement,TKDESTEP
StepElement_EnumeratedVolumeElementPurpose,,Enum,StepElement_EnumeratedVolumeElementPurpose,,StepElement,TKDESTEP
StepElement_UnspecifiedValue,,Enum,StepElement_UnspecifiedValue,,StepElement,TKDESTEP
StepElement_Volume3dElementShape,,Enum,StepElement_Volume3dElementShape,,StepElement,TKDESTEP
StepFEA_CoordinateSystemType,,Enum,StepFEA_CoordinateSystemType,,StepFEA,TKDESTEP
StepFEA_CurveEdge,,Enum,StepFEA_CurveEdge,,StepFEA,TKDESTEP
StepFEA_ElementVolume,,Enum,StepFEA_ElementVolume,,StepFEA,TKDESTEP
StepFEA_EnumeratedDegreeOfFreedom,,Enum,StepFEA_EnumeratedDegreeOfFreedom,,StepFEA,TKDESTEP
StepFEA_UnspecifiedValue,,Enum,StepFEA_UnspecifiedValue,,StepFEA,TKDESTEP
StepGeom_BSplineCurveForm,,Enum,StepGeom_BSplineCurveForm,,StepGeom,TKDESTEP
StepGeom_BSplineSurfaceForm,,Enum,StepGeom_BSplineSurfaceForm,,StepGeom,TKDESTEP
StepGeom_KnotType,,Enum,StepGeom_KnotType,,StepGeom,TKDESTEP
StepGeom_PreferredSurfaceCurveRepresentation,,Enum,StepGeom_PreferredSurfaceCurveRepresentation,,StepGeom,TKDESTEP
StepGeom_TransitionCode,,Enum,StepGeom_TransitionCode,,StepGeom,TKDESTEP
StepGeom_TrimmingPreference,,Enum,StepGeom_TrimmingPreference,,StepGeom,TKDESTEP
StepKinematics_ActuatedDirection,,Enum,StepKinematics_ActuatedDirection,,StepKinematics,TKDESTEP
StepShape_AngleRelator,,Enum,StepShape_AngleRelator,,StepShape,TKDESTEP
StepShape_BooleanOperator,,Enum,StepShape_BooleanOperator,,StepShape,TKDESTEP
StepToTopoDS_BuilderError,,Enum,StepToTopoDS_BuilderError,,StepToTopoDS,TKDESTEP
StepToTopoDS_GeometricToolError,,Enum,StepToTopoDS_GeometricToolError,,StepToTopoDS,TKDESTEP
StepToTopoDS_TranslateEdgeError,,Enum,StepToTopoDS_TranslateEdgeError,,StepToTopoDS,TKDESTEP
StepToTopoDS_TranslateEdgeLoopError,,Enum,StepToTopoDS_TranslateEdgeLoopError,,StepToTopoDS,TKDESTEP
StepToTopoDS_TranslateFaceError,,Enum,StepToTopoDS_TranslateFaceError,,StepToTopoDS,TKDESTEP
StepToTopoDS_TranslatePolyLoopError,,Enum,StepToTopoDS_TranslatePolyLoopError,,StepToTopoDS,TKDESTEP
StepToTopoDS_TranslateShellError,,Enum,StepToTopoDS_TranslateShellError,,StepToTopoDS,TKDESTEP
StepToTopoDS_TranslateSolidError,,Enum,StepToTopoDS_TranslateSolidError,,StepToTopoDS,TKDESTEP
StepToTopoDS_TranslateVertexError,,Enum,StepToTopoDS_TranslateVertexError,,StepToTopoDS,TKDESTEP
StepToTopoDS_TranslateVertexLoopError,,Enum,StepToTopoDS_TranslateVertexLoopError,,StepToTopoDS,TKDESTEP
StepVisual_CentralOrParallel,,Enum,StepVisual_CentralOrParallel,,StepVisual,TKDESTEP
StepVisual_MarkerType,,Enum,StepVisual_MarkerType,,StepVisual,TKDESTEP
StepVisual_NullStyle,,Enum,StepVisual_NullStyle,,StepVisual,TKDESTEP
StepVisual_ShadingSurfaceMethod,,Enum,StepVisual_ShadingSurfaceMethod,,StepVisual,TKDESTEP
StepVisual_SurfaceSide,,Enum,StepVisual_SurfaceSide,,StepVisual,TKDESTEP
StepVisual_TextPath,,Enum,StepVisual_TextPath,,StepVisual,TKDESTEP
Storage_Error,,Enum,Storage_Error,,Storage,TKernel
Storage_OpenMode,,Enum,Storage_OpenMode,,Storage,TKernel
Storage_SolveMode,,Enum,Storage_SolveMode,,Storage,TKernel
StringType,,Enum,StringType,,StringType,Unknown
TDataStd_RealEnum,,Enum,TDataStd_RealEnum,,TDataStd,TKLCAF
TDataXtd_ConstraintEnum,,Enum,TDataXtd_ConstraintEnum,,TDataXtd,TKCAF
TDataXtd_GeometryEnum,,Enum,TDataXtd_GeometryEnum,,TDataXtd,TKCAF
TDocStd_FormatVersion,,Enum,TDocStd_FormatVersion,,TDocStd,TKLCAF
TFunction_ExecutionStatus,,Enum,TFunction_ExecutionStatus,,TFunction,TKLCAF
TNaming_Evolution,,Enum,TNaming_Evolution,,TNaming,TKCAF
TNaming_NameType,,Enum,TNaming_NameType,,TNaming,TKCAF
TObj_DeletingMode,,Enum,TObj_DeletingMode,,TObj,TKTObj
TObj_DeletingMode,,Enum,TObj_DeletingMode,,TObj,TKTObj
TRelationType,,Enum,TRelationType,,TRelationType,Unknown
TReplacementKind,,Enum,TReplacementKind,,TReplacementKind,Unknown
TopAbs_Orientation,,Enum,TopAbs_Orientation,,TopAbs,TKG3d
TopAbs_ShapeEnum,,Enum,TopAbs_ShapeEnum,,TopAbs,TKG3d
TopAbs_State,,Enum,TopAbs_State,,TopAbs,TKG3d
TopOpeBRepBuild_LoopEnum,,Enum,TopOpeBRepBuild_LoopEnum,,TopOpeBRepBuild,TKBool
TopOpeBRepDS_CheckStatus,,Enum,TopOpeBRepDS_CheckStatus,,TopOpeBRepDS,TKBool
TopOpeBRepDS_Config,,Enum,TopOpeBRepDS_Config,,TopOpeBRepDS,TKBool
TopOpeBRepDS_Kind,,Enum,TopOpeBRepDS_Kind,,TopOpeBRepDS,TKBool
TopOpeBRepTool_OutCurveType,,Enum,TopOpeBRepTool_OutCurveType,,TopOpeBRepTool,TKBool
TopOpeBRep_P2Dstatus,,Enum,TopOpeBRep_P2Dstatus,,TopOpeBRep,TKBool
TopOpeBRep_TypeLineCurve,,Enum,TopOpeBRep_TypeLineCurve,,TopOpeBRep,TKBool
TopTools_FormatVersion,,Enum,TopTools_FormatVersion,,TopTools,TKBRep
TopoDSToStep_BuilderError,,Enum,TopoDSToStep_BuilderError,,TopoDSToStep,TKDESTEP
TopoDSToStep_FacetedError,,Enum,TopoDSToStep_FacetedError,,TopoDSToStep,TKDESTEP
TopoDSToStep_MakeEdgeError,,Enum,TopoDSToStep_MakeEdgeError,,TopoDSToStep,TKDESTEP
TopoDSToStep_MakeFaceError,,Enum,TopoDSToStep_MakeFaceError,,TopoDSToStep,TKDESTEP
TopoDSToStep_MakeVertexError,,Enum,TopoDSToStep_MakeVertexError,,TopoDSToStep,TKDESTEP
TopoDSToStep_MakeWireError,,Enum,TopoDSToStep_MakeWireError,,TopoDSToStep,TKDESTEP
TopoDS_TShape_Flags,,Enum,TopoDS_TShape_Flags,,TopoDS,TKBRep
TrackingUniverseOrigin,,Enum,TrackingUniverseOrigin,,TrackingUniverseOrigin,Unknown
Transfer_StatusExec,,Enum,Transfer_StatusExec,,Transfer,TKXSBase
Transfer_StatusResult,,Enum,Transfer_StatusResult,,Transfer,TKXSBase
Transfer_UndefMode,,Enum,Transfer_UndefMode,,Transfer,TKXSBase
TypeFlags,,Enum,TypeFlags,,TypeFlags,Unknown
UnitsAPI_SystemUnits,,Enum,UnitsAPI_SystemUnits,,UnitsAPI,TKernel
UnitsMethods_LengthUnit,,Enum,UnitsMethods_LengthUnit,,UnitsMethods,TKernel
V3d_StereoDumpOptions,,Enum,V3d_StereoDumpOptions,,V3d,TKV3d
V3d_TypeOfAxe,,Enum,V3d_TypeOfAxe,,V3d,TKV3d
V3d_TypeOfOrientation,,Enum,V3d_TypeOfOrientation,,V3d,TKV3d
V3d_TypeOfView,,Enum,V3d_TypeOfView,,V3d,TKV3d
V3d_TypeOfVisualization,,Enum,V3d_TypeOfVisualization,,V3d,TKV3d
ValueType,,Enum,ValueType,,ValueType,Unknown
VrmlAPI_RepresentationOfShape,,Enum,VrmlAPI_RepresentationOfShape,,VrmlAPI,TKDEVRML
VrmlConverter_TypeOfCamera,,Enum,VrmlConverter_TypeOfCamera,,VrmlConverter,TKDEVRML
VrmlConverter_TypeOfLight,,Enum,VrmlConverter_TypeOfLight,,VrmlConverter,TKDEVRML
VrmlData_ErrorStatus,,Enum,VrmlData_ErrorStatus,,VrmlData,TKDEVRML
Vrml_AsciiTextJustification,,Enum,Vrml_AsciiTextJustification,,Vrml,TKDEVRML
Vrml_ConeParts,,Enum,Vrml_ConeParts,,Vrml,TKDEVRML
Vrml_CylinderParts,,Enum,Vrml_CylinderParts,,Vrml,TKDEVRML
Vrml_FaceType,,Enum,Vrml_FaceType,,Vrml,TKDEVRML
Vrml_FontStyleFamily,,Enum,Vrml_FontStyleFamily,,Vrml,TKDEVRML
Vrml_FontStyleStyle,,Enum,Vrml_FontStyleStyle,,Vrml,TKDEVRML
Vrml_MaterialBindingAndNormalBinding,,Enum,Vrml_MaterialBindingAndNormalBinding,,Vrml,TKDEVRML
Vrml_SFImageNumber,,Enum,Vrml_SFImageNumber,,Vrml,TKDEVRML
Vrml_SeparatorRenderCulling,,Enum,Vrml_SeparatorRenderCulling,,Vrml,TKDEVRML
Vrml_ShapeType,,Enum,Vrml_ShapeType,,Vrml,TKDEVRML
Vrml_Texture2Wrap,,Enum,Vrml_Texture2Wrap,,Vrml,TKDEVRML
Vrml_VertexOrdering,,Enum,Vrml_VertexOrdering,,Vrml,TKDEVRML
Vrml_WWWAnchorMap,,Enum,Vrml_WWWAnchorMap,,Vrml,TKDEVRML
WNT_OrientationType,,Enum,WNT_OrientationType,,WNT,TKService
WriteMode_Assembly,,Enum,WriteMode_Assembly,,WriteMode,Unknown
WriteMode_BRep,,Enum,WriteMode_BRep,,WriteMode,Unknown
WriteMode_ConvertSurface,,Enum,WriteMode_ConvertSurface,,WriteMode,Unknown
WriteMode_PlaneMode,,Enum,WriteMode_PlaneMode,,WriteMode,Unknown
WriteMode_PrecisionMode,,Enum,WriteMode_PrecisionMode,,WriteMode,Unknown
WriteMode_PrecisionMode,,Enum,WriteMode_PrecisionMode,,WriteMode,Unknown
WriteMode_RepresentationType,,Enum,WriteMode_RepresentationType,,WriteMode,Unknown
WriteMode_StepSchema,,Enum,WriteMode_StepSchema,,WriteMode,Unknown
WriteMode_VertexMode,,Enum,WriteMode_VertexMode,,WriteMode,Unknown
WriteMode_WriterVersion,,Enum,WriteMode_WriterVersion,,WriteMode,Unknown
XCAFDimTolObjects_AngularQualifier,,Enum,XCAFDimTolObjects_AngularQualifier,,XCAFDimTolObjects,TKXCAF
XCAFDimTolObjects_DatumModifWithValue,,Enum,XCAFDimTolObjects_DatumModifWithValue,,XCAFDimTolObjects,TKXCAF
XCAFDimTolObjects_DatumSingleModif,,Enum,XCAFDimTolObjects_DatumSingleModif,,XCAFDimTolObjects,TKXCAF
XCAFDimTolObjects_DatumTargetType,,Enum,XCAFDimTolObjects_DatumTargetType,,XCAFDimTolObjects,TKXCAF
XCAFDimTolObjects_DimensionFormVariance,,Enum,XCAFDimTolObjects_DimensionFormVariance,,XCAFDimTolObjects,TKXCAF
XCAFDimTolObjects_DimensionGrade,,Enum,XCAFDimTolObjects_DimensionGrade,,XCAFDimTolObjects,TKXCAF
XCAFDimTolObjects_DimensionModif,,Enum,XCAFDimTolObjects_DimensionModif,,XCAFDimTolObjects,TKXCAF
XCAFDimTolObjects_DimensionQualifier,,Enum,XCAFDimTolObjects_DimensionQualifier,,XCAFDimTolObjects,TKXCAF
XCAFDimTolObjects_DimensionType,,Enum,XCAFDimTolObjects_DimensionType,,XCAFDimTolObjects,TKXCAF
XCAFDimTolObjects_GeomToleranceMatReqModif,,Enum,XCAFDimTolObjects_GeomToleranceMatReqModif,,XCAFDimTolObjects,TKXCAF
XCAFDimTolObjects_GeomToleranceModif,,Enum,XCAFDimTolObjects_GeomToleranceModif,,XCAFDimTolObjects,TKXCAF
XCAFDimTolObjects_GeomToleranceType,,Enum,XCAFDimTolObjects_GeomToleranceType,,XCAFDimTolObjects,TKXCAF
XCAFDimTolObjects_GeomToleranceTypeValue,,Enum,XCAFDimTolObjects_GeomToleranceTypeValue,,XCAFDimTolObjects,TKXCAF
XCAFDimTolObjects_GeomToleranceZoneModif,,Enum,XCAFDimTolObjects_GeomToleranceZoneModif,,XCAFDimTolObjects,TKXCAF
XCAFDimTolObjects_ToleranceZoneAffectedPlane,,Enum,XCAFDimTolObjects_ToleranceZoneAffectedPlane,,XCAFDimTolObjects,TKXCAF
XCAFDoc_ColorType,,Enum,XCAFDoc_ColorType,,XCAFDoc,TKXCAF
XCAFView_ProjectionType,,Enum,XCAFView_ProjectionType,,XCAFView,TKXCAF
console_semaphore_value,,Enum,console_semaphore_value,,console,Unknown
(unnamed enum at E:\code\occtSrc\Install\inc\exptocas.tab.hxx:675:5),,Enum,exptocas::(unnamed enum at E:\code\occtSrc\Install\inc\exptocas.tab.hxx:675:5),exptocas,(unnamed enum at E:\code\occtSrc\Install\inc\exptocas.tab.hxx:675:5),Unknown
(unnamed enum at E:\code\occtSrc\Install\inc\exptocas.tab.hxx:821:3),,Enum,exptocas::(unnamed enum at E:\code\occtSrc\Install\inc\exptocas.tab.hxx:821:3),exptocas,(unnamed enum at E:\code\occtSrc\Install\inc\exptocas.tab.hxx:821:3),Unknown
symbol_kind_type,,Enum,exptocas::symbol_kind_type,exptocas,symbol,Unknown
token_kind_type,,Enum,exptocas::token_kind_type,exptocas,token,Unknown
gce_ErrorType,,Enum,gce_ErrorType,,gce,TKGeomBase
gp_EulerSequence,,Enum,gp_EulerSequence,,gp,TKMath
gp_TrsfForm,,Enum,gp_TrsfForm,,gp,TKMath
math_Status,,Enum,math_Status,,math,TKMath
(unnamed enum at E:\code\occtSrc\Install\inc\step.tab.hxx:627:5),,Enum,step::(unnamed enum at E:\code\occtSrc\Install\inc\step.tab.hxx:627:5),step,(unnamed enum at E:\code\occtSrc\Install\inc\step.tab.hxx:627:5),Unknown
(unnamed enum at E:\code\occtSrc\Install\inc\step.tab.hxx:773:3),,Enum,step::(unnamed enum at E:\code\occtSrc\Install\inc\step.tab.hxx:773:3),step,(unnamed enum at E:\code\occtSrc\Install\inc\step.tab.hxx:773:3),Unknown
symbol_kind_type,,Enum,step::symbol_kind_type,step,symbol,Unknown
token_kind_type,,Enum,step::token_kind_type,step,token,Unknown
